INSERT INTO  product (product_id, product_name, price)
VALUES (1, 'Испорченный телефон', 300),
       (2, 'Сарафанное радио', 400),
       (3, 'Патефон', 250);

INSERT INTO plan (plan_date, product_id, plan_cnt, shop_name)
VALUES ('2022-01-08', 1, 30, 'ДНС'),
       ('2022-01-08', 2, 40, 'ДНС'),
       ('2022-01-08', 3, 25, 'ДНС'),
       ('2022-01-08', 1, 45, 'Мвидео'),
       ('2022-01-08', 2, 60, 'Мвидео'),
       ('2022-01-08', 3, 50, 'Мвидео'),
       ('2022-01-08', 1, 15, 'Ситилинк'),
       ('2022-01-08', 2, 20, 'Ситилинк'),
       ('2022-01-08', 3, 12, 'Ситилинк'),
       ('2022-01-09', 1, 30, 'ДНС'),
       ('2022-01-09', 2, 40, 'ДНС'),
       ('2022-01-09', 3, 25, 'ДНС'),
       ('2022-01-09', 1, 45, 'Мвидео'),
       ('2022-01-09', 2, 60, 'Мвидео'),
       ('2022-01-09', 3, 50, 'Мвидео'),
       ('2022-01-09', 1, 15, 'Ситилинк'),
       ('2022-01-09', 2, 20, 'Ситилинк'),
       ('2022-01-09', 3, 12, 'Ситилинк'),
       ('2022-01-10', 1, 30, 'ДНС'),
       ('2022-01-10', 2, 40, 'ДНС'),
       ('2022-01-10', 3, 25, 'ДНС'),
       ('2022-01-10', 1, 45, 'Мвидео'),
       ('2022-01-10', 2, 60, 'Мвидео'),
       ('2022-01-10', 3, 50, 'Мвидео'),
       ('2022-01-10', 1, 15, 'Ситилинк'),
       ('2022-01-10', 2, 20, 'Ситилинк'),
       ('2022-01-10', 3, 12, 'Ситилинк'),
       ('2022-01-11', 1, 60, 'ДНС'),
       ('2022-01-11', 2, 80, 'ДНС'),
       ('2022-01-11', 3, 50, 'ДНС'),
       ('2022-01-11', 1, 90, 'Мвидео'),
       ('2022-01-11', 2, 120, 'Мвидео'),
       ('2022-01-11', 3, 10, 'Мвидео'),
       ('2022-01-11', 1, 30, 'Ситилинк'),
       ('2022-01-11', 2, 40, 'Ситилинк'),
       ('2022-01-11', 3, 25, 'Ситилинк'),
       ('2022-01-12', 1, 30, 'ДНС'),
       ('2022-01-12', 2, 40, 'ДНС'),
       ('2022-01-12', 3, 25, 'ДНС'),
       ('2022-01-12', 1, 45, 'Мвидео'),
       ('2022-01-12', 2, 60, 'Мвидео'),
       ('2022-01-12', 3, 50, 'Мвидео'),
       ('2022-01-12', 1, 15, 'Ситилинк'),
       ('2022-01-12', 2, 20, 'Ситилинк'),
       ('2022-01-12', 3, 12, 'Ситилинк'),
       ('2022-02-01', 1, 30, 'ДНС'),
       ('2022-02-01', 2, 40, 'ДНС'),
       ('2022-02-01', 3, 25, 'ДНС'),
       ('2022-02-01', 1, 45, 'Мвидео'),
       ('2022-02-01', 2, 60, 'Мвидео'),
       ('2022-02-01', 3, 50, 'Мвидео'),
       ('2022-02-01', 1, 15, 'Ситилинк'),
       ('2022-02-01', 2, 20, 'Ситилинк'),
       ('2022-02-01', 3, 12, 'Ситилинк'),
       ('2022-02-02', 1, 30, 'ДНС'),
       ('2022-02-02', 2, 40, 'ДНС'),
       ('2022-02-02', 3, 25, 'ДНС'),
       ('2022-02-02', 1, 45, 'Мвидео'),
       ('2022-02-02', 2, 60, 'Мвидео'),
       ('2022-02-02', 3, 50, 'Мвидео'),
       ('2022-02-02', 1, 15, 'Ситилинк'),
       ('2022-02-02', 2, 20, 'Ситилинк'),
       ('2022-02-02', 3, 12, 'Ситилинк'),
       ('2022-02-03', 1, 30, 'ДНС'),
       ('2022-02-03', 2, 40, 'ДНС'),
       ('2022-02-03', 3, 25, 'ДНС'),
       ('2022-02-03', 1, 30, 'Мвидео'),
       ('2022-02-03', 2, 60, 'Мвидео'),
       ('2022-02-03', 3, 25, 'Мвидео'),
       ('2022-02-03', 1, 15, 'Ситилинк'),
       ('2022-02-03', 2, 20, 'Ситилинк'),
       ('2022-02-03', 3, 12, 'Ситилинк'),
       ('2022-02-04', 1, 30, 'ДНС'),
       ('2022-02-04', 2, 40, 'ДНС'),
       ('2022-02-04', 3, 25, 'ДНС'),
       ('2022-02-04', 1, 45, 'Мвидео'),
       ('2022-02-04', 2, 60, 'Мвидео'),
       ('2022-02-04', 3, 50, 'Мвидео'),
       ('2022-02-04', 1, 30, 'Ситилинк'),
       ('2022-02-04', 2, 40, 'Ситилинк'),
       ('2022-02-04', 3, 25, 'Ситилинк');

INSERT INTO shop_dns(date, product_id, sales_cnt)
VALUES ('2022-01-08', 1, 30),
       ('2022-01-08', 2, 40),
       ('2022-01-08', 3, 25),
       ('2022-01-09', 1, 45),
       ('2022-01-09', 2, 405),
       ('2022-01-09', 3, 37),
       ('2022-01-10', 1, 30),
       ('2022-01-10', 2, 40),
       ('2022-01-10', 3, 150),
       ('2022-01-11', 1, 60),
       ('2022-01-11', 2, 80),
       ('2022-01-11', 3, 50),
       ('2022-01-12', 1, 30),
       ('2022-01-12', 2, 120),
       ('2022-01-12', 3, 75),
       ('2022-02-01', 1, 30),
       ('2022-02-01', 2, 333),
       ('2022-02-01', 3, 25),
       ('2022-02-02', 1, 45),
       ('2022-02-02', 2, 60),
       ('2022-02-02', 3, 37),
       ('2022-02-03', 1, 300),
       ('2022-02-03', 2, 40),
       ('2022-02-03', 3, 25),
       ('2022-02-04', 1, 60),
       ('2022-02-04', 2, 80),
       ('2022-02-04', 3, 50);

INSERT INTO shop_mvideo(date, product_id, sales_cnt)
VALUES ('2022-01-08', 1, 45),
       ('2022-01-08', 2, 60),
       ('2022-01-08', 3, 37),
       ('2022-01-09', 1, 45),
       ('2022-01-09', 2, 60),
       ('2022-01-09', 3, 37),
       ('2022-01-10', 1, 30),
       ('2022-01-10', 2, 40),
       ('2022-01-10', 3, 25),
       ('2022-01-11', 1, 45),
       ('2022-01-11', 2, 60),
       ('2022-01-11', 3, 36),
       ('2022-01-12', 1, 60),
       ('2022-01-12', 2, 220),
       ('2022-01-12', 3, 30),
       ('2022-02-01', 1, 30),
       ('2022-02-01', 2, 40),
       ('2022-02-01', 3, 25),
       ('2022-02-02', 1, 45),
       ('2022-02-02', 2, 30),
       ('2022-02-02', 3, 37),
       ('2022-02-03', 1, 170),
       ('2022-02-03', 2, 40),
       ('2022-02-03', 3, 25),
       ('2022-02-04', 1, 60),
       ('2022-02-04', 2, 80),
       ('2022-02-04', 3, 50);

INSERT INTO shop_sitilink(date, product_id, sales_cnt)
VALUES ('2022-01-08', 1, 30),
       ('2022-01-08', 2, 40),
       ('2022-01-08', 3, 25),
       ('2022-01-09', 1, 45),
       ('2022-01-09', 2, 60),
       ('2022-01-09', 3, 37),
       ('2022-01-10', 1, 30),
       ('2022-01-10', 2, 40),
       ('2022-01-10', 3, 25),
       ('2022-01-11', 1, 60),
       ('2022-01-11', 2, 400),
       ('2022-01-11', 3, 36),
       ('2022-01-12', 1, 30),
       ('2022-01-12', 2, 60),
       ('2022-01-12', 3, 30),
       ('2022-02-01', 1, 15),
       ('2022-02-01', 2, 40),
       ('2022-02-01', 3, 25),
       ('2022-02-02', 1, 45),
       ('2022-02-02', 2, 60),
       ('2022-02-02', 3, 37),
       ('2022-02-03', 1, 130),
       ('2022-02-03', 2, 40),
       ('2022-02-03', 3, 25),
       ('2022-02-04', 1, 60),
       ('2022-02-04', 2, 40),
       ('2022-02-04', 3, 50);