INSERT INTO  product (product_id, product_name, price)
VALUES (1, 'Испорченный телефон', 300),
       (2, 'Сарафанное радио', 400),
       (3, 'Патефон', 250);

INSERT INTO plan (plan_date, product_id, plan_cnt, shop_name)
VALUES ('2022-01-08', 1, 30, 'dns'),
       ('2022-01-08', 2, 40, 'dns'),
       ('2022-01-08', 3, 25, 'dns'),
       ('2022-01-08', 1, 45, 'mvideo'),
       ('2022-01-08', 2, 60, 'mvideo'),
       ('2022-01-08', 3, 50, 'mvideo'),
       ('2022-01-08', 1, 15, 'sitilink'),
       ('2022-01-08', 2, 20, 'sitilink'),
       ('2022-01-08', 3, 12, 'sitilink'),
       ('2022-01-09', 1, 30, 'dns'),
       ('2022-01-09', 2, 40, 'dns'),
       ('2022-01-09', 3, 25, 'dns'),
       ('2022-01-09', 1, 45, 'mvideo'),
       ('2022-01-09', 2, 60, 'mvideo'),
       ('2022-01-09', 3, 50, 'mvideo'),
       ('2022-01-09', 1, 15, 'sitilink'),
       ('2022-01-09', 2, 20, 'sitilink'),
       ('2022-01-09', 3, 12, 'sitilink'),
       ('2022-01-10', 1, 30, 'dns'),
       ('2022-01-10', 2, 40, 'dns'),
       ('2022-01-10', 3, 25, 'dns'),
       ('2022-01-10', 1, 45, 'mvideo'),
       ('2022-01-10', 2, 60, 'mvideo'),
       ('2022-01-10', 3, 50, 'mvideo'),
       ('2022-01-10', 1, 15, 'sitilink'),
       ('2022-01-10', 2, 20, 'sitilink'),
       ('2022-01-10', 3, 12, 'sitilink'),
       ('2022-01-11', 1, 60, 'dns'),
       ('2022-01-11', 2, 80, 'dns'),
       ('2022-01-11', 3, 50, 'dns'),
       ('2022-01-11', 1, 90, 'mvideo'),
       ('2022-01-11', 2, 120, 'mvideo'),
       ('2022-01-11', 3, 10, 'mvideo'),
       ('2022-01-11', 1, 30, 'sitilink'),
       ('2022-01-11', 2, 40, 'sitilink'),
       ('2022-01-11', 3, 25, 'sitilink'),
       ('2022-01-12', 1, 30, 'dns'),
       ('2022-01-12', 2, 40, 'dns'),
       ('2022-01-12', 3, 25, 'dns'),
       ('2022-01-12', 1, 45, 'mvideo'),
       ('2022-01-12', 2, 60, 'mvideo'),
       ('2022-01-12', 3, 50, 'mvideo'),
       ('2022-01-12', 1, 15, 'sitilink'),
       ('2022-01-12', 2, 20, 'sitilink'),
       ('2022-01-12', 3, 12, 'sitilink'),
       ('2022-02-01', 1, 30, 'dns'),
       ('2022-02-01', 2, 40, 'dns'),
       ('2022-02-01', 3, 25, 'dns'),
       ('2022-02-01', 1, 45, 'mvideo'),
       ('2022-02-01', 2, 60, 'mvideo'),
       ('2022-02-01', 3, 50, 'mvideo'),
       ('2022-02-01', 1, 15, 'sitilink'),
       ('2022-02-01', 2, 20, 'sitilink'),
       ('2022-02-01', 3, 12, 'sitilink'),
       ('2022-02-02', 1, 30, 'dns'),
       ('2022-02-02', 2, 40, 'dns'),
       ('2022-02-02', 3, 25, 'dns'),
       ('2022-02-02', 1, 45, 'mvideo'),
       ('2022-02-02', 2, 60, 'mvideo'),
       ('2022-02-02', 3, 50, 'mvideo'),
       ('2022-02-02', 1, 15, 'sitilink'),
       ('2022-02-02', 2, 20, 'sitilink'),
       ('2022-02-02', 3, 12, 'sitilink'),
       ('2022-02-03', 1, 30, 'dns'),
       ('2022-02-03', 2, 40, 'dns'),
       ('2022-02-03', 3, 25, 'dns'),
       ('2022-02-03', 1, 30, 'mvideo'),
       ('2022-02-03', 2, 60, 'mvideo'),
       ('2022-02-03', 3, 25, 'mvideo'),
       ('2022-02-03', 1, 15, 'sitilink'),
       ('2022-02-03', 2, 20, 'sitilink'),
       ('2022-02-03', 3, 12, 'sitilink'),
       ('2022-02-04', 1, 30, 'dns'),
       ('2022-02-04', 2, 40, 'dns'),
       ('2022-02-04', 3, 25, 'dns'),
       ('2022-02-04', 1, 45, 'mvideo'),
       ('2022-02-04', 2, 60, 'mvideo'),
       ('2022-02-04', 3, 50, 'mvideo'),
       ('2022-02-04', 1, 30, 'sitilink'),
       ('2022-02-04', 2, 40, 'sitilink'),
       ('2022-02-04', 3, 25, 'sitilink');

INSERT INTO shop_dns(date, product_id, sales_cnt)
VALUES ('2022-01-08', 1, 30),
       ('2022-01-08', 2, 40),
       ('2022-01-08', 3, 25),
       ('2022-01-09', 1, 45),
       ('2022-01-09', 2, 605),
       ('2022-01-09', 3, 37),
       ('2022-01-10', 1, 30),
       ('2022-01-10', 2, 40),
       ('2022-01-10', 3, 550),
       ('2022-01-11', 1, 60),
       ('2022-01-11', 2, 80),
       ('2022-01-11', 3, 50),
       ('2022-01-12', 1, 30),
       ('2022-01-12', 2, 120),
       ('2022-01-12', 3, 75),
       ('2022-01-13', 1, 30),
       ('2022-01-13', 2, 120),
       ('2022-01-13', 3, 75),
       ('2022-02-01', 1, 30),
       ('2022-02-01', 2, 333),
       ('2022-02-01', 3, 25),
       ('2022-02-02', 1, 45),
       ('2022-02-02', 2, 60),
       ('2022-02-02', 3, 37),
       ('2022-02-03', 1, 600),
       ('2022-02-03', 2, 40),
       ('2022-02-03', 3, 25),
       ('2022-02-04', 1, 60),
       ('2022-02-04', 2, 80),
       ('2022-02-04', 3, 50),
       ('2022-02-05', 1, 60),
       ('2022-02-05', 2, 80),
       ('2022-02-05', 3, 50);

INSERT INTO shop_mvideo(date, product_id, sales_cnt)
VALUES ('2022-01-08', 1, 45),
       ('2022-01-08', 2, 60),
       ('2022-01-08', 3, 37),
       ('2022-01-09', 1, 45),
       ('2022-01-09', 2, 60),
       ('2022-01-09', 3, 37),
       ('2022-01-10', 1, 30),
       ('2022-01-10', 2, 40),
       ('2022-01-10', 3, 25),
       ('2022-01-11', 1, 45),
       ('2022-01-11', 2, 60),
       ('2022-01-11', 3, 36),
       ('2022-01-12', 1, 60),
       ('2022-01-12', 2, 420),
       ('2022-01-12', 3, 30),
       ('2022-02-01', 1, 30),
       ('2022-02-01', 2, 40),
       ('2022-02-01', 3, 25),
       ('2022-02-02', 1, 45),
       ('2022-02-02', 2, 30),
       ('2022-02-02', 3, 37),
       ('2022-02-03', 1, 470),
       ('2022-02-03', 2, 40),
       ('2022-02-03', 3, 25),
       ('2022-02-04', 1, 60),
       ('2022-02-04', 2, 80),
       ('2022-02-04', 3, 50);

INSERT INTO shop_sitilink(date, product_id, sales_cnt)
VALUES ('2022-01-08', 1, 30),
       ('2022-01-08', 2, 40),
       ('2022-01-08', 3, 25),
       ('2022-01-09', 1, 45),
       ('2022-01-09', 2, 60),
       ('2022-01-09', 3, 37),
       ('2022-01-10', 1, 30),
       ('2022-01-10', 2, 40),
       ('2022-01-10', 3, 25),
       ('2022-01-11', 1, 60),
       ('2022-01-11', 2, 700),
       ('2022-01-11', 3, 36),
       ('2022-01-12', 1, 30),
       ('2022-01-12', 2, 60),
       ('2022-01-12', 3, 30),
       ('2022-02-01', 1, 15),
       ('2022-02-01', 2, 40),
       ('2022-02-01', 3, 25),
       ('2022-02-02', 1, 45),
       ('2022-02-02', 2, 60),
       ('2022-02-02', 3, 37),
       ('2022-02-03', 1, 630),
       ('2022-02-03', 2, 40),
       ('2022-02-03', 3, 25),
       ('2022-02-04', 1, 60),
       ('2022-02-04', 2, 40),
       ('2022-02-04', 3, 50);

INSERT INTO promo(id_promo, product_id, shop_name, discount, promo_date)
VALUES (1, 2, 'dns', 25, '2022-01-09' ),
       (2, 3, 'dns', 30, '2022-01-10' ),
       (3, 1, 'dns', 20, '2022-02-03' ),
       (4, 2, 'mvideo', 25, '2022-01-12'),
       (5, 1, 'mvideo', 25, '2022-02-03' ),
       (6, 2, 'sitilink', 25, '2022-01-11' ),
       (7, 1, 'sitilink', 25, '2022-02-03' );